Date,Close
2020-10-12,11.800000190734863
2020-10-13,11.880000114440918
2020-10-14,12.25
2020-10-15,13.829999923706055
2020-10-16,13.3100004196167
2020-10-19,13.90999984741211
2020-10-20,13.859999656677246
2020-10-21,14.100000381469727
2020-10-22,14.90999984741211
2020-10-23,15.0
2020-10-26,13.449999809265137
2020-10-27,12.6899995803833
2020-10-28,11.819999694824219
2020-10-29,11.729999542236328
2020-10-30,10.470000267028809
2020-11-02,10.75
2020-11-03,11.569999694824219
2020-11-04,10.90999984741211
2020-11-05,11.449999809265137
2020-11-06,11.859999656677246
2020-11-09,11.489999771118164
2020-11-10,11.100000381469727
2020-11-11,11.75
2020-11-12,11.130000114440918
2020-11-13,11.010000228881836
2020-11-16,12.0600004196167
2020-11-17,11.630000114440918
2020-11-18,11.569999694824219
2020-11-19,12.460000038146973
2020-11-20,12.710000038146973
2020-11-23,13.899999618530273
2020-11-24,13.670000076293945
2020-11-25,14.75
2020-11-27,16.079999923706055
2020-11-30,16.559999465942383
2020-12-01,15.800000190734863
2020-12-02,16.579999923706055
2020-12-03,16.1200008392334
2020-12-04,16.899999618530273
2020-12-07,16.350000381469727
2020-12-08,16.940000534057617
2020-12-09,13.65999984741211
2020-12-10,14.119999885559082
2020-12-11,13.3100004196167
2020-12-14,12.720000267028809
2020-12-15,13.850000381469727
2020-12-16,13.850000381469727
2020-12-17,14.829999923706055
2020-12-18,15.630000114440918
2020-12-21,15.529999732971191
2020-12-22,19.459999084472656
2020-12-23,20.56999969482422
2020-12-24,20.149999618530273
2020-12-28,20.989999771118164
2020-12-29,19.3799991607666
2020-12-30,19.260000228881836
2020-12-31,18.84000015258789
2021-01-04,17.25
2021-01-05,17.3700008392334
2021-01-06,18.360000610351562
2021-01-07,18.079999923706055
2021-01-08,17.690000534057617
2021-01-11,19.940000534057617
2021-01-12,19.950000762939453
2021-01-13,31.399999618530273
2021-01-14,39.90999984741211
2021-01-15,35.5
2021-01-19,39.36000061035156
2021-01-20,39.119998931884766
2021-01-21,43.029998779296875
2021-01-22,65.01000213623047
2021-01-25,76.79000091552734
2021-01-26,147.97999572753906
2021-01-27,347.510009765625
2021-01-28,193.60000610351562
2021-01-29,325.0
2021-02-01,225.0
2021-02-02,90.0
2021-02-03,92.41000366210938
2021-02-04,53.5
2021-02-05,63.77000045776367
2021-02-08,60.0
2021-02-09,50.310001373291016
2021-02-10,51.20000076293945
2021-02-11,51.099998474121094
2021-02-12,52.400001525878906
2021-02-16,49.5099983215332
2021-02-17,45.939998626708984
2021-02-18,40.689998626708984
2021-02-19,40.59000015258789
2021-02-22,46.0
2021-02-23,44.970001220703125
2021-02-24,91.70999908447266
2021-02-25,108.7300033569336
2021-02-26,101.73999786376953
2021-03-01,120.4000015258789
2021-03-02,118.18000030517578
2021-03-03,124.18000030517578
2021-03-04,132.35000610351562
2021-03-05,137.74000549316406
2021-03-08,194.5
2021-03-09,246.89999389648438
2021-03-10,265.0
2021-03-11,260.0
2021-03-12,264.5
2021-03-15,220.13999938964844
2021-03-16,208.1699981689453
2021-03-17,209.80999755859375
2021-03-18,201.75
2021-03-19,200.27000427246094
2021-03-22,194.49000549316406
2021-03-23,181.75
2021-03-24,120.33999633789062
2021-03-25,183.75
2021-03-26,181.0
2021-03-29,181.3000030517578
2021-03-30,194.4600067138672
2021-03-31,189.82000732421875
2021-04-01,191.4499969482422
2021-04-05,186.9499969482422
2021-04-06,184.5
2021-04-07,177.97000122070312
2021-04-08,170.25999450683594
2021-04-09,158.36000061035156
2021-04-12,141.08999633789062
2021-04-13,140.99000549316406
2021-04-14,163.63999938964844
