created_utc,num_comments,score,total_awards_received,ups,upvote_ratio,Close
10/12/2020,1064,27458,80,27458,0.9,11.80
10/12/2020,508,25102,130,25102,0.85,11.80
1/10/2021,2580,41651,0,41651,0.81,17.69
1/13/2021,3183,52472,0,52472,0.95,31.40
1/14/2021,1244,31327,74,31327,0.93,39.91
1/19/2021,1615,39573,0,39573,0.96,39.36
1/22/2021,6334,91609,0,91609,0.93,65.01
1/22/2021,1471,27527,107,27527,0.92,65.01
1/25/2021,5500,82386,0,82386,0.94,76.79
1/25/2021,4147,58022,0,58022,0.88,76.79
1/25/2021,4152,32255,523,32255,0.92,76.79
1/25/2021,5903,30886,173,30886,0.91,76.79
1/26/2021,9675,134634,0,134634,0.93,147.98
1/26/2021,3281,65773,382,65773,0.91,147.98
1/26/2021,1690,33284,220,33284,0.88,147.98
1/26/2021,1665,25556,133,25556,0.97,147.98
1/27/2021,15243,209670,0,209670,0.95,347.51
1/27/2021,2688,82972,0,82972,0.96,347.51
1/27/2021,4578,55964,0,55964,0.91,347.51
1/27/2021,1885,44186,0,44186,0.97,347.51
1/27/2021,49259,36688,662,36688,0.93,347.51
1/27/2021,1231,36280,224,36280,0.97,347.51
1/27/2021,519,30660,28,30660,0.98,347.51
1/27/2021,1019,30455,70,30455,0.87,347.51
1/27/2021,1162,29483,75,29483,0.98,347.51
1/27/2021,1482,28273,36,28273,0.85,347.51
1/27/2021,94433,27613,346,27613,0.96,347.51
1/27/2021,553,27484,42,27484,0.98,347.51
1/27/2021,709,27150,77,27150,0.98,347.51
1/27/2021,823,26712,114,26712,0.98,347.51
1/27/2021,412,24691,42,24691,0.97,347.51
1/27/2021,91346,24595,798,24595,0.9,347.51
1/28/2021,23765,277986,0,277986,0.97,193.60
1/28/2021,18382,221111,0,221111,0.97,193.60
1/28/2021,7905,143458,0,143458,0.93,193.60
1/28/2021,6701,94323,0,94323,0.96,193.60
1/28/2021,3974,86704,0,86704,0.97,193.60
1/28/2021,4507,86467,0,86467,0.94,193.60
1/28/2021,80221,85461,0,85461,0.94,193.60
1/28/2021,21983,85287,0,85287,0.98,193.60
1/28/2021,3704,83994,0,83994,0.97,193.60
1/28/2021,5029,75284,291,75284,0.98,193.60
1/28/2021,8188,68527,490,68527,0.97,193.60
1/28/2021,68344,64155,746,64155,0.93,193.60
1/28/2021,1497,57738,0,57738,0.98,193.60
1/28/2021,2486,46640,0,46640,0.9,193.60
1/28/2021,962,44370,0,44370,0.98,193.60
1/28/2021,1980,39933,0,39933,0.97,193.60
1/28/2021,849,34090,53,34090,0.98,193.60
1/28/2021,1520,33156,302,33156,0.97,193.60
1/28/2021,1698,31843,30,31843,0.99,193.60
1/28/2021,1029,31313,105,31313,0.98,193.60
1/28/2021,363,28552,23,28552,0.97,193.60
1/29/2021,20644,249958,0,249958,0.96,325.00
1/29/2021,7190,210205,0,210205,0.91,325.00
1/29/2021,7358,106135,0,106135,0.95,325.00
1/29/2021,2457,76844,0,76844,0.98,325.00
1/29/2021,4011,75133,696,75133,0.94,325.00
1/29/2021,2653,74609,169,74609,0.92,325.00
1/29/2021,501,70720,275,70720,0.97,325.00
1/29/2021,3841,68611,57,68611,0.97,325.00
1/29/2021,2718,62970,417,62970,0.92,325.00
1/29/2021,921,54191,0,54191,0.98,325.00
1/29/2021,3245,43965,0,43965,0.98,325.00
1/29/2021,1545,43302,0,43302,0.98,325.00
1/29/2021,583,41812,0,41812,0.99,325.00
1/29/2021,1760,41807,0,41807,0.98,325.00
1/29/2021,1386,41159,0,41159,0.98,325.00
1/29/2021,1147,40612,0,40612,0.96,325.00
1/29/2021,1519,37705,0,37705,0.98,325.00
1/29/2021,717,37437,0,37437,0.98,325.00
1/29/2021,1486,35593,275,35593,0.86,325.00
1/29/2021,1263,34012,113,34012,0.99,325.00
1/29/2021,2417,33712,150,33712,0.97,325.00
1/29/2021,1751,33659,43,33659,0.99,325.00
1/29/2021,1532,33550,50,33550,0.97,325.00
1/29/2021,74728,31364,396,31364,0.95,325.00
1/29/2021,79737,30649,312,30649,0.95,325.00
1/29/2021,30433,27987,271,27987,0.93,325.00
1/29/2021,1904,27486,28,27486,0.98,325.00
1/29/2021,1722,26959,62,26959,0.96,325.00
1/29/2021,502,24511,51,24511,0.98,325.00
1/30/2021,3305,132150,0,132150,0.95,325.00
1/30/2021,1905,68444,206,68444,0.97,325.00
1/30/2021,5860,58624,0,58624,0.82,325.00
1/30/2021,1140,56782,0,56782,0.97,325.00
1/30/2021,3251,53061,0,53061,0.95,325.00
1/30/2021,1952,40568,0,40568,0.98,325.00
1/30/2021,1071,33008,43,33008,0.98,325.00
1/30/2021,988,30185,121,30185,0.98,325.00
1/30/2021,907,29981,95,29981,0.96,325.00
1/30/2021,2754,28288,29,28288,0.97,325.00
1/30/2021,1156,26590,66,26590,0.98,325.00
1/30/2021,2605,25921,69,25921,0.97,325.00
1/31/2021,4780,73273,600,73273,0.84,325.00
1/31/2021,1662,66380,418,66380,0.94,325.00
1/31/2021,5276,64622,286,64622,0.95,325.00
1/31/2021,7952,58097,0,58097,0.93,325.00
1/31/2021,1448,41757,0,41757,0.95,325.00
1/31/2021,2917,36830,188,36830,0.97,325.00
1/31/2021,2842,36702,61,36702,0.98,325.00
1/31/2021,4236,36612,392,36612,0.89,325.00
1/31/2021,1453,34357,103,34357,0.98,325.00
1/31/2021,694,28641,113,28641,0.97,325.00
1/31/2021,2783,27497,188,27497,0.85,325.00
1/31/2021,1564,25991,44,25991,0.94,325.00
2/1/2021,18760,209347,0,209347,0.94,225.00
2/1/2021,5156,116768,0,116768,0.92,225.00
2/1/2021,5753,112339,0,112339,0.87,225.00
2/1/2021,6065,101932,0,101932,0.92,225.00
2/1/2021,3571,86329,0,86329,0.93,225.00
2/1/2021,5113,80036,0,80036,0.93,225.00
2/1/2021,2786,75344,250,75344,0.9,225.00
2/1/2021,2108,56954,0,56954,0.96,225.00
2/1/2021,1539,54630,0,54630,0.96,225.00
2/1/2021,2560,50527,0,50527,0.97,225.00
2/1/2021,1894,47624,0,47624,0.92,225.00
2/1/2021,1432,44213,0,44213,0.92,225.00
2/1/2021,1790,43332,0,43332,0.98,225.00
2/1/2021,2402,42234,0,42234,0.98,225.00
2/1/2021,2434,40936,0,40936,0.97,225.00
2/1/2021,1460,37260,148,37260,0.98,225.00
2/1/2021,1667,34153,94,34153,0.96,225.00
2/1/2021,884,31524,128,31524,0.95,225.00
2/1/2021,920,30812,25,30812,0.98,225.00
2/1/2021,1066,29925,47,29925,0.97,225.00
2/1/2021,1995,29185,33,29185,0.96,225.00
2/1/2021,1213,28908,84,28908,0.97,225.00
2/1/2021,2009,27393,125,27393,0.96,225.00
2/1/2021,1684,27277,219,27277,0.97,225.00
2/1/2021,1211,27275,65,27275,0.98,225.00
2/1/2021,961,26896,80,26896,0.95,225.00
2/1/2021,1046,25615,95,25615,0.8,225.00
2/1/2021,700,25191,65,25191,0.97,225.00
2/1/2021,937,25114,55,25114,0.98,225.00
2/2/2021,17450,153939,0,153939,0.93,90.00
2/2/2021,3308,108706,0,108706,0.94,90.00
2/2/2021,1997,86257,0,86257,0.93,90.00
2/2/2021,5522,77182,0,77182,0.82,90.00
2/2/2021,3254,60246,0,60246,0.88,90.00
2/2/2021,6501,55774,0,55774,0.95,90.00
2/2/2021,5629,55538,0,55538,0.88,90.00
2/2/2021,1386,42840,0,42840,0.95,90.00
2/2/2021,2121,42573,0,42573,0.92,90.00
2/2/2021,2969,42757,0,42757,0.93,90.00
2/2/2021,2023,39493,0,39493,0.96,90.00
2/2/2021,3508,35336,444,35336,0.93,90.00
2/2/2021,1348,32574,46,32574,0.92,90.00
2/2/2021,549,30934,52,30934,0.91,90.00
2/2/2021,925,30226,99,30226,0.97,90.00
2/2/2021,1710,28327,67,28327,0.97,90.00
2/2/2021,2193,28044,263,28044,0.94,90.00
2/2/2021,73482,26051,174,26051,0.95,90.00
2/2/2021,3374,25991,118,25991,0.97,90.00
2/2/2021,23794,25713,69,25713,0.97,90.00
2/2/2021,1348,25382,16,25382,0.98,90.00
2/3/2021,10295,141396,0,141396,0.94,92.41
2/3/2021,4060,66942,205,66942,0.92,92.41
2/3/2021,1373,58584,0,58584,0.91,92.41
2/3/2021,2126,31546,407,31546,0.78,92.41
2/4/2021,2190,42533,0,42533,0.95,53.50
2/4/2021,2574,40587,0,40587,0.86,53.50
2/4/2021,3868,37683,0,37683,0.88,53.50
2/4/2021,714,33710,114,33710,0.96,53.50
2/4/2021,3347,30135,115,30135,0.96,53.50
2/5/2021,4821,71346,352,71346,0.9,63.77
2/5/2021,3635,41760,0,41760,0.92,63.77
2/6/2021,2177,58468,0,58468,0.84,63.77
2/6/2021,5067,57754,0,57754,0.88,63.77
2/6/2021,981,29828,178,29828,0.94,63.77
2/7/2021,1466,36099,687,36099,0.85,63.77
2/7/2021,3046,29587,201,29587,0.92,63.77
2/8/2021,1787,107030,0,107030,0.89,60.00
2/8/2021,1388,71682,498,71682,0.92,60.00
2/8/2021,3084,45017,0,45017,0.78,60.00
2/8/2021,1816,34016,213,34016,0.87,60.00
2/8/2021,542,26050,99,26050,0.94,60.00
2/9/2021,1941,61277,0,61277,0.85,51.20
2/9/2021,2246,31115,223,31115,0.83,50.31
2/9/2021,456,24895,67,24895,0.95,60.00
2/11/2021,4050,30534,256,30534,0.83,51.10
2/12/2021,3739,31387,276,31387,0.83,52.40
2/16/2021,3540,49429,0,49429,0.91,49.51
2/17/2021,8108,144301,0,144301,0.92,45.94
2/18/2021,1296,47661,0,47661,0.91,40.69
2/18/2021,655,38855,0,38855,0.97,40.69
2/19/2021,13257,214665,0,214665,0.95,40.59
2/20/2021,1698,76643,0,76643,0.9,40.59
2/21/2021,1278,48348,0,48348,0.95,40.59
2/22/2021,2627,77028,0,77028,0.81,46.00
2/23/2021,1128,29973,79,29973,0.95,44.97
2/23/2021,15901,25210,384,25210,0.87,44.97
2/24/2021,6233,84129,0,84129,0.92,91.71
2/24/2021,1314,33023,144,33023,0.97,91.71
2/24/2021,87165,30214,595,30214,0.91,91.71
2/25/2021,6858,98052,0,98052,0.9,101.74
2/25/2021,5069,83879,0,83879,0.9,108.73
2/25/2021,1501,81610,0,81610,0.93,108.73
2/25/2021,6095,47757,0,47757,0.9,108.73
2/25/2021,1327,39673,0,39673,0.93,108.73
2/25/2021,2761,34992,231,34992,0.95,108.73
2/25/2021,74620,32075,690,32075,0.92,108.73
2/25/2021,72707,26792,395,26792,0.93,108.73
2/25/2021,1079,24893,62,24893,0.98,108.73
2/25/2021,1225,24460,110,24460,0.97,108.73
2/26/2021,7927,143988,0,143988,0.93,101.74
2/26/2021,1703,83750,0,83750,0.84,101.74
2/27/2021,2177,107563,0,107563,0.86,101.74
2/27/2021,1048,30574,141,30574,0.93,101.74
2/28/2021,703,35185,371,35185,0.94,101.74
3/1/2021,515,24611,113,24611,0.95,120.40
3/2/2021,797,48429,0,48429,0.92,118.18
3/2/2021,31463,33072,524,33072,0.84,118.18
3/2/2021,592,27459,145,27459,0.94,118.18
3/3/2021,40063,29336,544,29336,0.86,118.18
3/4/2021,1847,53614,0,53614,0.89,132.35
3/4/2021,521,25384,344,25384,0.96,124.18
3/4/2021,43731,24568,461,24568,0.87,118.18
3/5/2021,1233,37265,186,37265,0.95,137.74
3/6/2021,1958,59126,0,59126,0.86,137.74
3/7/2021,591,33392,205,33392,0.92,137.74
3/8/2021,8304,164247,0,164247,0.93,194.50
3/8/2021,1632,69700,427,69700,0.9,194.50
3/8/2021,76631,31019,997,31019,0.89,194.50
3/9/2021,1312,47128,0,47128,0.83,246.90
3/9/2021,1648,45438,0,45438,0.93,246.90
3/9/2021,833,41072,0,41072,0.92,246.90
3/9/2021,1297,38362,0,38362,0.97,246.90
3/9/2021,541,31338,81,31338,0.97,246.90
3/9/2021,70471,29970,582,29970,0.9,246.90
3/9/2021,514,29841,99,29841,0.96,246.90
3/9/2021,637,29053,94,29053,0.96,246.90
3/10/2021,1701,103387,0,103387,0.91,265.00
3/10/2021,2046,70996,450,70996,0.91,265.00
3/10/2021,3819,64300,981,64300,0.83,265.00
3/10/2021,91481,48276,0,48276,0.88,265.00
3/10/2021,68708,47737,0,47737,0.89,265.00
3/10/2021,904,39580,0,39580,0.94,265.00
3/10/2021,443,32038,96,32038,0.95,265.00
3/11/2021,299,33467,138,33467,0.97,260.00
3/11/2021,843,28968,198,28968,0.96,260.00
3/11/2021,40698,28394,605,28394,0.89,260.00
3/11/2021,1246,27280,139,27280,0.94,260.00
3/11/2021,845,25409,158,25409,0.96,260.00
3/12/2021,56943,29004,668,29004,0.89,264.50
3/15/2021,2833,123048,0,123048,0.89,220.14
3/15/2021,60114,29415,858,29415,0.9,220.14
3/15/2021,648,25861,59,25861,0.97,220.14
3/16/2021,2461,52171,0,52171,0.85,208.17
3/16/2021,667,42300,0,42300,0.91,208.17
3/16/2021,52455,28430,526,28430,0.89,208.17
3/17/2021,49028,26963,554,26963,0.89,209.81
3/17/2021,4314,25774,280,25774,0.89,209.81
3/18/2021,2743,43740,0,43740,0.96,201.75
3/18/2021,36524,26008,279,26008,0.87,201.75
3/19/2021,1524,59539,0,59539,0.88,200.27
3/19/2021,63175,35339,1018,35339,0.86,200.27
3/22/2021,32451,29227,740,29227,0.87,194.49
3/23/2021,8339,123331,0,123331,0.9,181.75
3/23/2021,1415,31519,50,31519,0.96,181.75
3/23/2021,38462,31357,535,31357,0.84,181.75
3/23/2021,1625,29035,299,29035,0.92,181.75
3/24/2021,5926,93861,0,93861,0.9,120.34
3/24/2021,1581,73467,800,73467,0.87,120.34
3/24/2021,59544,28687,392,28687,0.86,120.34
3/25/2021,1121,52216,0,52216,0.9,183.75
3/25/2021,69195,32727,732,32727,0.87,183.75
3/26/2021,52232,35883,694,35883,0.86,181.00
3/29/2021,26414,28001,630,28001,0.87,181.30
3/30/2021,34688,28183,403,28183,0.87,194.46
3/31/2021,4117,95048,0,95048,0.89,189.82
3/31/2021,24542,25588,601,25588,0.86,189.82
4/1/2021,2614,73821,2622,73821,0.92,191.45
4/9/2021,1038,49737,0,49737,0.9,158.36
4/9/2021,587,25286,223,25286,0.93,158.36
4/11/2021,720,25029,150,25029,0.95,141.09